,hostname,planet_letter,ra,dec,parallax,parallax_error,distance,distance_error,dist_error_pct
0,11 UMi,b,229.27453600000001,71.823898,7.4702649261261485,0.72595358891902317,133.86406103251406,13.008788375624967,9.7179095533828743
1,8 UMi,b,224.20147700000001,74.900925000000001,6.1409576080366204,0.36861548736562322,162.84105245919761,9.7746536854159292,6.0025733915378137
2,AB Pic,b,94.803802000000005,-58.054310000000001,19.924625566991075,0.36861911284873555,50.18914893219825,0.92853336148358401,1.8500679554019981
3,BD+15 2375,b,176.48217399999999,14.616381000000001,1.6369197430215743,0.58268101138657069,610.90349985889327,217.45835168455426,35.596186915737569
4,BD+15 2940,b,240.09556599999999,15.54693,2.1245454083093529,0.38449730690191597,470.6889276590087,85.184634965019058,18.097862507343958
5,BD+20 2457,b,154.18691000000001,19.891408999999999,0.3968398608029835,0.50891898295076854,2519.9081513045471,3231.6035261587308,128.24290934912614
6,BD+20 2457,c,154.18691000000001,19.891408999999999,0.3968398608029835,0.50891898295076854,2519.9081513045471,3231.6035261587308,128.24290934912614
7,BD+20 274,b,25.920324000000001,21.005313999999998,0.92281834598465251,0.41933795008858005,1083.6368873150157,492.41551486732754,45.44100709670483
8,BD+20 594,b,53.650965999999997,20.599232000000001,5.7761430727661525,0.38784550867083722,173.12590553978563,11.62473021396641,6.7146104898177477
9,BD+49 828,b,45.640529000000001,49.730010999999998,2.4532223307861618,0.39323699607599311,407.62713898806686,65.340213825361175,16.02940716547187
10,BD-13 2130,b,114.28845800000001,-13.906639,1.0520230242614432,0.40327566503042367,950.54953830695376,364.3774787858967,38.333349720509894
11,CoRoT-7,b,100.956125,-1.0630329999999999,6.2939367155389512,0.39855050688634658,158.88307194623101,10.060941461882475,6.3322928859830236
12,CoRoT-7,c,100.956125,-1.0630329999999999,6.2939367155389512,0.39855050688634658,158.88307194623101,10.060941461882475,6.3322928859830236
13,K2-31,b,245.44075100000001,-23.547865000000002,9.5167422919996234,0.56248346927245374,105.07797409210747,6.2105940875520727,5.9104623411449628
14,HAT-P-14,b,260.11616900000001,38.242165,3.9655477064344007,0.42564148977183802,252.17197573425344,27.066842558992924,10.733485543023541
15,HAT-P-15,b,66.248025999999996,39.460636000000001,5.1179262445374514,0.41261562608999919,195.39163954684506,15.75279514245117,8.0621643684372906
16,HAT-P-2,b,245.151489,41.048084000000003,7.761780933195265,0.39004087617464317,128.8364112059954,6.4742186287517676,5.025146670998307
17,HAT-P-21,b,171.27495500000001,41.027954000000001,3.727112940842912,0.59405466579177413,268.30418500112398,42.764293833105711,15.938735295137704
18,HAT-P-22,b,155.68171899999999,50.128345000000003,11.890545626403862,0.47632690981357062,84.100429990312961,3.3690041811305607,4.005929793127831
19,HAT-P-23,b,306.12385399999999,16.762152,3.2913195294548503,0.75192386046094761,303.82951003412074,69.411874496626027,22.845665810681428
20,HAT-P-24,b,108.825058,14.262599,2.4824035119235717,0.49133793584776814,402.83539529200766,79.732529646569645,19.792831160919476
21,HAT-P-29,b,33.131141999999997,51.778759000000001,3.038247538009804,0.42864595892213525,329.13710535088507,46.435745730054045,14.108329013998597
22,HAT-P-3,b,206.094121,48.028666999999999,7.2586270023033563,0.5619237308363767,137.76710108987186,10.665185496701694,7.7414603430933049
23,HAT-P-30,b,123.949894,5.8367190000000004,4.8981029304358028,0.55559003328076395,204.16067489848081,23.157871072214874,11.342963616147017
24,HAT-P-31,b,271.53770500000002,26.426662,3.076437743321037,0.37796342308386266,325.05127144893646,39.934983732833899,12.285749123460185
25,HAT-P-32,b,31.042847999999999,46.687835999999997,3.7866687509188734,0.41838910080126818,264.08436168527811,29.178686040168913,11.049001862118038
26,HAT-P-33,b,113.184212,33.835051999999997,2.3968925130802021,0.69964018962540808,417.206860358923,121.78046587472109,29.189468689453808
27,HAT-P-34,b,303.19534199999998,18.104868,3.5414101850145481,0.66160540632569065,282.37339019114273,52.752929424414113,18.681976155297377
28,HAT-P-35,b,123.250764,4.7870229999999996,0.72415787424997413,1.038039110494027,1380.9143496999482,1979.4621507300733,143.3443103230972
29,HAT-P-36,b,188.266255,44.915351999999999,3.4683682851185793,0.41400005458701838,288.32001615590002,34.415175268214547,11.936450242707263
30,HAT-P-40,b,335.51286099999999,45.457377999999999,2.3114178905434675,0.38871579486019364,432.63487926230289,72.757077664198945,16.817201097668999
31,HAT-P-41,b,297.32265100000001,4.6724209999999999,2.4815118776552874,0.67139281582934862,402.98013844079304,109.0294881549016,27.055796987106479
32,HAT-P-49,b,305.44139699999999,26.692651999999999,2.7289773587822381,0.41920072928977081,366.43763158454118,56.288822589573407,15.3610922399456
33,HAT-P-5,b,274.40547600000002,36.621409999999997,3.2202127706625414,0.38357390646247325,310.53848649704457,36.989624244024171,11.911446037261538
34,HAT-P-56,b,100.848038,27.252293000000002,3.1300247936778476,0.38009123339681428,319.48628714374433,38.796477644238408,12.143393693383455
35,HAT-P-57,b,274.74342100000001,10.597294,3.1852364606669776,0.71676540317771731,313.94843439365985,70.646992439633436,22.502737615518477
36,HAT-P-6,b,354.77422200000001,42.465972999999998,3.5885837146275148,0.46432697656903449,278.66146633945732,36.056017203746443,12.939003615169401
37,HAT-P-7,b,292.24731000000003,47.969512999999999,2.9901993959014006,0.51324305400588943,334.42585847976483,57.40143924179818,17.164174894469586
38,HAT-P-8,b,343.041067,35.447108999999998,4.5607053906322861,0.51684215187785232,219.26432741172133,24.848140167592121,11.332504680952402
39,HATS-3,b,312.45744000000002,-24.428792999999999,3.1571641706338576,0.67949691869120032,316.73994317477383,68.169979063988507,21.522381541368471
40,HD 100546,b,173.35600299999999,-70.194785999999993,9.1576389329031294,0.43962769192091439,109.19845249707643,5.2422533782303624,4.8006663632625317
41,HD 100655,b,173.76563999999999,20.441545000000001,7.3563198374360041,0.67157453276756063,135.93753698840578,12.410035167853833,9.1292187888561589
42,HD 100777,b,173.964676,-4.7556969999999996,20.257761857823319,0.40276283850510758,49.363794826811599,0.98144613720751284,1.9881902123830384
43,HD 10180,c,24.473234000000001,-60.511527999999998,25.731651538997074,0.37339574526533209,38.862643483434034,0.56394148290426227,1.4511145726477752
44,HD 10180,d,24.473234000000001,-60.511527999999998,25.731651538997074,0.37339574526533209,38.862643483434034,0.56394148290426227,1.4511145726477752
45,HD 10180,e,24.473234000000001,-60.511527999999998,25.731651538997074,0.37339574526533209,38.862643483434034,0.56394148290426227,1.4511145726477752
46,HD 10180,f,24.473234000000001,-60.511527999999998,25.731651538997074,0.37339574526533209,38.862643483434034,0.56394148290426227,1.4511145726477752
47,HD 10180,g,24.473234000000001,-60.511527999999998,25.731651538997074,0.37339574526533209,38.862643483434034,0.56394148290426227,1.4511145726477752
48,HD 10180,h,24.473234000000001,-60.511527999999998,25.731651538997074,0.37339574526533209,38.862643483434034,0.56394148290426227,1.4511145726477752
49,HD 102117,b,176.210251,-58.703709000000003,25.317275857693904,0.39596295299206136,39.498720384487996,0.61776117030761035,1.5640029962849595
50,HD 102272,b,176.59806800000001,14.123986,2.8138701710276335,0.39518754372147752,355.38242321776954,49.910869506082022,14.044270691321692
51,HD 102329,b,176.69435100000001,3.4742929999999999,4.3608635761608667,0.42464075188330597,229.31237873769047,22.329380230015765,9.7375380923322297
52,HD 102956,b,177.843796,57.640735999999997,8.1332012794665829,0.38339714603646768,122.95281595017714,5.7959660793660657,4.7139758732444994
53,HD 103197,b,178.22074900000001,-50.292824000000003,17.736005912693361,0.38506955106597512,56.382480075985811,1.2241299646448482,2.1711176290846144
54,HD 103720,b,179.17160000000001,-2.778953,21.774135356156975,0.39324646564171933,45.926048664762916,0.82943621057268768,1.8060256318307619
55,HD 103774,b,179.231628,-12.107908999999999,17.712725536509513,0.511952704779152,56.456585291676177,1.631770417437642,2.8903101542668508
56,HD 10442,b,25.471457000000001,2.7043759999999999,7.7132103873403768,0.41535672011158642,129.64770177166321,6.9815344679650817,5.3850044177883136
57,HD 106906,b,184.47163399999999,-55.975524999999998,9.727579219038029,0.3837584268418765,102.80049922830555,4.0555370430913218,3.9450557862414075
58,HD 107148,b,184.80621300000001,-3.3197890000000001,19.829518885000336,0.96321099506923435,50.429866997753081,2.4496107370944951,4.8574602372114892
59,HD 108863,b,187.58296200000001,21.948243999999999,5.8502107409754887,0.42711548156158419,170.93401319646406,12.479646733117203,7.3008563361661931
60,HD 111232,b,192.21563699999999,-68.425147999999993,34.938747048134154,0.37014102900753315,28.621518642964713,0.30321632162911255,1.0593998362265253
61,HD 11506,b,28.210557999999999,-19.506975000000001,19.898205075806249,0.41444393483675768,50.255789212659991,1.0467379821583005,2.0828207029621488
62,HD 11506,c,28.210557999999999,-19.506975000000001,19.898205075806249,0.41444393483675768,50.255789212659991,1.0467379821583005,2.0828207029621488
63,HD 116029,b,200.16476399999999,24.648699000000001,8.1715408059748214,0.41625514628787247,122.37594154444234,6.2337834025686112,5.0939615449697975
64,HD 11755,b,29.708696,73.152382000000003,4.5801162058342291,0.52702541560322902,218.33507165739226,25.123408819719948,11.506813188099795
65,HD 117618,b,203.10647599999999,-47.271362000000003,26.199024138708012,0.38256493741617942,38.169360610746565,0.55735889153564266,1.4602259053265843
66,HD 118203,b,203.51057399999999,53.728530999999997,10.980599560635223,0.39775013931451653,91.069708395973095,3.2988170638412031,3.6222989201830686
67,HD 12484,b,30.611374000000001,2.8158590000000001,20.527307192448927,0.97864387457658852,48.715595797575197,2.3225267190030427,4.7675219423645965
68,HD 125612,b,215.22297699999999,-17.481521999999998,17.523637699920798,0.42296590198713829,57.065776930809278,1.3773896850335856,2.4136877812136572
69,HD 125612,c,215.22297699999999,-17.481521999999998,17.523637699920798,0.42296590198713829,57.065776930809278,1.3773896850335856,2.4136877812136572
70,HD 125612,d,215.22297699999999,-17.481521999999998,17.523637699920798,0.42296590198713829,57.065776930809278,1.3773896850335856,2.4136877812136572
71,HD 12648,b,34.748652999999997,85.736153000000002,5.3795227400085706,0.37672912531797526,185.89009626500936,13.017923105029874,7.0030213371191179
72,HD 131496,b,223.345947,18.235401,7.2548889829081284,0.39153086226451617,137.8380844084466,7.4388269990721758,5.3967864041328264
73,HD 131664,b,225.02531400000001,-73.535338999999993,19.13036141066927,0.39725097840965584,52.272927757772834,1.0854720018269661,2.0765471696112514
74,HD 13189,b,32.417380999999999,32.316437000000001,2.097068137046457,0.37697935723761689,476.85622719365489,85.722037756676201,17.976495402221904
75,HD 132563,b,224.58966100000001,44.043148000000002,9.3023704090652295,0.44890841186302993,107.49948196273635,5.1876478361862679,4.8257421723990408
76,HD 137388 A,b,233.91636700000001,-80.204589999999996,24.789080085084191,0.3736296469529426,40.340343270814188,0.60802370085947577,1.5072348214234819
77,HD 13908,b,34.560665,65.594359999999995,12.504906257584624,0.4215643784244581,79.968612271161021,2.6958953254936349,3.3711918325558492
78,HD 13908,c,34.560665,65.594359999999995,12.504906257584624,0.4215643784244581,79.968612271161021,2.6958953254936349,3.3711918325558492
79,HD 14067,b,34.293498999999997,23.767831999999999,7.4051580357951181,0.48915991872149095,135.04100725010744,8.9203562991128109,6.6056648130530835
80,HD 141399,b,236.72422800000001,46.986263000000001,26.751647478539528,0.37032154245953436,37.38087535738542,0.51746134259355547,1.3842943420834566
81,HD 141399,c,236.72422800000001,46.986263000000001,26.751647478539528,0.37032154245953436,37.38087535738542,0.51746134259355547,1.3842943420834566
82,HD 141399,d,236.72422800000001,46.986263000000001,26.751647478539528,0.37032154245953436,37.38087535738542,0.51746134259355547,1.3842943420834566
83,HD 141399,e,236.72422800000001,46.986263000000001,26.751647478539528,0.37032154245953436,37.38087535738542,0.51746134259355547,1.3842943420834566
84,HD 141937,b,238.07311999999999,-18.436066,30.619694963329074,0.46170473526780414,32.65871855345474,0.49245052969884784,1.5078685003908547
85,HD 142245,b,238.234497,15.430707999999999,10.01662454692657,0.39836488096180883,99.834030447595538,3.9704364947368278,3.9770371655193997
86,HD 143105,b,238.40232800000001,68.720116000000004,21.298042532844853,0.36680788984402068,46.952671751774666,0.80864757506458695,1.7222610447807425
87,HD 145377,b,242.90185500000001,-27.078173,18.946536118335413,0.39125938657937093,52.780096253702808,1.0899463603713451,2.0650708083823917
88,HD 145457,b,242.516312,26.742750000000001,7.1056688776783554,0.38089780491215935,140.73270471994346,7.5439454370820487,5.3604778307177554
89,HD 145934,b,243.29114000000001,13.239476,4.1610839798857731,0.38634330620528839,240.32199418081711,22.313126635866102,9.2846793785664961
90,HD 148156,b,247.07200599999999,-46.317622999999998,17.496593698506132,0.42635446101187768,57.153981925372165,1.3927199532875469,2.4367855158474647
91,HD 148427,b,247.11729399999999,-13.39964,14.17278354753272,0.5197156687378488,70.5577698725305,2.5873519080404743,3.6669978553953424
92,HD 149026,b,247.623413,38.347309000000003,13.041493842554624,0.37042425143016311,76.678332411351704,2.1779340792775597,2.8403513884388172
93,HD 149143,b,248.21270799999999,2.084832,13.454102080393627,0.38985640064950733,74.326773650489727,2.1537497095029323,2.8976768447270573
94,HD 150706,b,247.823273,79.789771999999999,35.373547392256881,0.42972422103285057,28.26971207922719,0.34342555094511262,1.2148180002068873
95,HD 152581,b,253.43159499999999,11.973746,5.9562802818752436,0.40623441173640323,167.89001737258164,11.450552898140756,6.8202702443765206
96,HD 154672,b,257.52047700000003,-56.449267999999996,16.117499476875818,0.38996167937306225,62.044363732396903,1.5011586823025296,2.4194924276718615
97,HD 154857,b,257.81552099999999,-56.680798000000003,15.555498847299152,0.49450149948639693,64.285948642118058,2.0436180357502569,3.1789497999432883
98,HD 154857,c,257.81552099999999,-56.680798000000003,15.555498847299152,0.49450149948639693,64.285948642118058,2.0436180357502569,3.1789497999432883
99,HD 158038,b,261.439301,27.303341,10.402781031376957,0.43062602662764882,96.128140829244742,3.9792512413309411,4.139527933240073
100,HD 159243,b,263.33978300000001,5.7007329999999996,13.488371070336102,0.44538178333802436,74.137936655614425,2.4480114217273128,3.3019686440679035
101,HD 159243,c,263.33978300000001,5.7007329999999996,13.488371070336102,0.44538178333802436,74.137936655614425,2.4480114217273128,3.3019686440679035
102,HD 1605,b,5.1313300000000002,30.974803999999999,11.147202748787224,0.3978783501970371,89.70860426027474,3.2019792109226946,3.5693111461557017
103,HD 1605,c,5.1313300000000002,30.974803999999999,11.147202748787224,0.3978783501970371,89.70860426027474,3.2019792109226946,3.5693111461557017
104,HD 16175,b,39.257961000000002,42.062634000000003,17.138765687974445,0.39984829464246824,58.347258968693303,1.3612445855458659,2.3330051995694481
105,HD 162020,b,267.65982100000002,-40.318348,32.520531930916235,0.38249676890978374,30.749804527315611,0.36167000285515583,1.1761700876305661
106,HD 164509,b,270.38012700000002,0.104556,18.565417205914347,0.38567776543096127,53.863588892655322,1.1189615817302141,2.0773988602211251
107,HD 164604,b,270.77890000000002,-28.560644,25.948329880352862,0.40593102539281262,38.538125752639047,0.60288353723030408,1.5643820903485928
108,HD 1666,b,5.2180850000000003,-19.931225000000001,8.4722679425832315,0.38016074302178482,118.03214992455675,5.2962430036291765,4.4871189815778205
109,HD 166724,b,273.49865699999998,-42.575375000000001,22.340531210335762,0.44527085908508091,44.761693022650853,0.89214877294759132,1.9931077506298418
110,HD 168746,b,275.45742799999999,-11.922684,23.785394592742602,0.4296661145630406,42.04260711760989,0.75946958020346034,1.806428364632388
111,HD 1690,b,5.3054969999999999,-8.2811690000000002,1.4843340713462341,0.51430301640381659,673.70278652502952,233.42951021479178,34.648737526947926
112,HD 170469,b,277.29574600000001,11.695501999999999,16.514721037477518,0.38051937531374236,60.552037042022086,1.3951930073124736,2.304122330920483
113,HD 17092,b,41.592117000000002,49.653075999999999,4.4382898238353281,0.39055417138353932,225.31200973618584,19.826678463560587,8.7996545265276005
114,HD 171028,b,278.064527,6.9457430000000002,8.8599034301058186,0.37610975613669134,112.86804736516824,4.7913359445759713,4.2450773770137946
115,HD 171238,b,278.68197600000002,-28.072313000000001,22.688651601199247,0.48361015296738574,44.074897776082175,0.9394594456369697,2.1315068055512989
116,HD 17156,b,42.435364,71.753235000000004,12.528237245616449,0.38928635423030844,79.819688947053876,2.4802145023928244,3.1072715705995848
117,HD 175541,b,283.92034899999999,4.2653249999999998,7.3519345597167955,0.4095923521097744,136.01862093268156,7.5778948283635064,5.5712186878544845
118,HD 177830,b,286.33654799999999,25.920660000000002,15.938216429668056,0.47490504156339275,62.742277620133116,1.8695080527019683,2.9796623960971247
119,HD 177830,c,286.33654799999999,25.920660000000002,15.938216429668056,0.47490504156339275,62.742277620133116,1.8695080527019683,2.9796623960971247
120,HD 180314,b,288.70919800000001,31.86035,8.2394587716657242,0.40809124836076732,121.36719506854644,6.0111824718257445,4.9528890145567885
121,HD 180902,b,289.82379200000003,-23.558154999999999,10.112958656984206,0.41149752589639454,98.88303056686388,4.0235626201537613,4.0690122431402038
122,HD 181342,b,290.26763899999997,-23.619572000000002,8.3348378717673786,0.39747320758362814,119.9783385574065,5.7215480133694196,4.7688175066966849
123,HD 183263,b,292.10238600000002,8.3580539999999992,18.513459666698076,0.41932545896032153,54.014755642825385,1.2234213706312094,2.2649762200557371
124,HD 183263,c,292.10238600000002,8.3580539999999992,18.513459666698076,0.41932545896032153,54.014755642825385,1.2234213706312094,2.2649762200557371
125,HD 185269,b,294.29892000000001,28.499865,19.100130683771923,0.50715013223008698,52.355662720655189,1.3901570471627029,2.6552181271774113
126,HD 187085,b,297.39154100000002,-37.780552,21.773036332575455,0.46125082914637983,45.928366844447069,0.97296936287408808,2.1184497288340314
127,HD 18742,b,45.044407,-20.802603000000001,6.2244328903212311,0.37413992970196369,160.65720646694803,9.6568276970459426,6.0108275933657795
128,HD 190984,b,302.87799100000001,-64.620468000000002,6.8371522257913577,0.38756623727557871,146.25972436707832,8.290780893261573,5.6685331037911828
129,HD 192699,b,304.02502399999997,4.5807950000000002,14.376571086438842,0.46019584280414538,69.557615232973163,2.2265479837385644,3.201012536558455
130,HD 200964,b,316.66601600000001,3.8031190000000001,13.95264256590203,0.59623933808769047,71.671011084583796,3.0627227786641935,4.2733076209147765
131,HD 200964,c,316.66601600000001,3.8031190000000001,13.95264256590203,0.59623933808769047,71.671011084583796,3.0627227786641935,4.2733076209147765
132,HD 202206,b,318.74069200000002,-20.789209,21.937501987206087,0.39831984197701603,45.584041454820074,0.82767072566178346,1.8157028188957678
133,HD 202206,c,318.74069200000002,-20.789209,21.937501987206087,0.39831984197701603,45.584041454820074,0.82767072566178346,1.8157028188957678
134,HD 2039,b,6.0844909999999999,-56.650047000000001,11.504865814695822,0.37724468669610423,86.919744750316241,2.8500994626250962,3.2790011876038401
135,HD 205739,b,324.535034,-31.737483999999998,10.730334471660441,0.43413768659019525,93.193739919391092,3.7705175696198086,4.0458914653292783
136,HD 206610,b,325.85376000000002,-7.4082530000000002,6.4247454345978223,0.44618132329792065,155.648190294811,10.809348980690411,6.9447315514665338
137,HD 209458,b,330.79489100000001,18.884319000000001,20.465464317304658,0.37621603340445259,48.862805382551031,0.89824352563031207,1.8382970822037084
138,HD 212301,b,336.87884500000001,-77.717926000000006,18.696547066231727,0.43230648724744136,53.485811923321585,1.2367130352058502,2.312226347014847
139,HD 212771,b,336.762787,-17.263659000000001,8.9536025860866868,0.3787465577793192,111.68688696926694,4.724469684909935,4.230102398869775
140,HD 214823,b,340.08279399999998,31.787593999999999,10.592667487094078,0.4256096822421539,94.404926919341392,3.7931570114127382,4.0179650948234649
141,HD 215497,b,341.65313700000002,-56.599533000000001,24.636222775236575,0.37718073818546904,40.590637985509822,0.62144294352553064,1.5310006798793736
142,HD 215497,c,341.65313700000002,-56.599533000000001,24.636222775236575,0.37718073818546904,40.590637985509822,0.62144294352553064,1.5310006798793736
143,HD 216536,b,343.26659799999999,44.477753,2.7098820458674675,0.45910596256334141,369.01975180985681,62.51901945987337,16.941916835954967
144,HD 217107,b,344.56475799999998,-2.3953850000000001,49.988763620761056,0.43521875549556499,20.004495561972362,0.17416577310950535,0.87063316627981646
145,HD 217107,c,344.56475799999998,-2.3953850000000001,49.988763620761056,0.43521875549556499,20.004495561972362,0.17416577310950535,0.87063316627981646
146,HD 219415,b,348.72427800000003,56.730328,5.9695145070500493,0.395757196774077,167.51781050519119,11.105824270461003,6.629637909526549
147,HD 219828,b,349.69473299999999,18.645720000000001,14.004317085160714,0.43505612316905962,71.40655227377151,2.218305799003502,3.1065857801095831
148,HD 219828,c,349.69473299999999,18.645720000000001,14.004317085160714,0.43505612316905962,71.40655227377151,2.218305799003502,3.1065857801095831
149,HD 220074,b,350.05990600000001,61.970126999999998,3.614854262274934,0.55051782690737816,276.6363254076723,42.129839173995208,15.22932287070741
150,HD 22781,b,55.206356,31.82629,31.833637953457504,0.61010096006413805,31.413311964597131,0.60204528984138339,1.9165291788394985
151,HD 231701,b,293.01733400000001,16.474291000000001,9.0880557898653027,0.41968103119588412,110.03453578213799,5.0813296608176444,4.6179407444208085
152,HD 233604,b,137.45338000000001,53.56823,1.4849119050941548,0.41890367094110631,673.44062403256999,189.98214547294995,28.2106749568113
153,HD 23596,b,57.001556000000001,40.530636000000001,19.173290262347411,0.40520860709269874,52.155889068440395,1.1022633503132802,2.1134015161104047
154,HD 240237,b,348.92593399999998,58.043239999999997,1.1420727508016537,0.39794313411534205,875.6009626340101,305.09386644625647,34.843939130498853
155,HD 24064,b,59.151240999999999,74.080032000000003,3.3297271269587663,0.41054325569138023,300.32491008155324,37.028970137476591,12.329636635010187
156,HD 27631,b,64.939460999999994,-41.960265999999997,19.914263531745174,0.36733710237251083,50.215263969260413,0.92626722208101497,1.8445929561338863
157,HD 28185,b,66.609673000000001,-10.550820999999999,25.453276538478011,0.39953935077834751,39.287672786970603,0.61669747135183528,1.5696971278898388
158,HD 285507,b,61.755104000000003,15.335032,22.370743771609547,0.40983096359078414,44.701240611815891,0.81892460530944178,1.8319952513644
159,HD 28678,b,67.856055999999995,4.5752870000000003,5.2332603537134128,0.38793434097518759,191.08546726333248,14.164900999075375,7.4128614812736666
160,HD 290327,b,80.839850999999996,-2.2776190000000001,17.532643839098728,0.41453477387753179,57.03646347791237,1.348547184758526,2.3643597490590507
161,HD 2952,b,8.2933109999999992,54.894984999999998,9.0598640014826746,0.52994483967893014,110.37693279240692,6.4563536432060635,5.8493685952924128
162,HD 30177,b,70.476555000000005,-58.020755999999999,18.42492568881211,0.63722048587635016,54.274303022411374,1.8770603652171896,3.4584697742541235
163,HD 30856,b,72.574425000000005,-24.368839000000001,7.5702238291327397,0.38559491285666647,132.09649048310399,6.7284317988705045,5.0935734736503955
164,HD 31253,b,73.681892000000005,12.352201000000001,17.22804432269993,0.44919694163808954,58.044893620478149,1.5134386819328116,2.6073588692027041
165,HD 33142,b,76.898087000000004,-13.98648,8.6222421660747628,0.42189606910136013,115.97911317483276,5.6749892897753513,4.8931131946323703
166,HD 33283,b,77.004219000000006,-26.797471999999999,11.318612964902639,0.37398118725192447,88.350048111093955,2.9191965472101273,3.3041255886351566
167,HD 33844,b,78.150420999999994,-14.951110999999999,9.4574373478540306,0.42137397430943196,105.73688867491235,4.7110830739123664,4.4554773012061784
168,HD 33844,c,78.150420999999994,-14.951110999999999,9.4574373478540306,0.42137397430943196,105.73688867491235,4.7110830739123664,4.4554773012061784
169,HD 35759,b,82.888962000000006,64.318779000000006,14.112788276641693,0.41434769601453353,70.857719991103124,2.0803637415683696,2.935973302315654
170,HD 38801,b,86.996566999999999,-8.3277000000000001,10.955809406564253,0.40494358369093369,91.275775516945629,3.3736931951239839,3.6961539642001147
171,HD 41004 A,b,89.956871000000007,-48.239693000000003,27.254510649488019,0.6336696509640477,36.691174274258536,0.85307286910569469,2.3250083595830451
172,HD 41004 B,b,89.956885999999997,-48.239840999999998,27.254510649488019,0.6336696509640477,36.691174274258536,0.85307286910569469,2.3250083595830451
173,HD 4113,b,10.802486,-37.982632000000002,23.986508340193016,0.38263561984166056,41.69010286188044,0.66504545486881161,1.595211834981821
174,HD 4313,b,11.41816,7.845021,7.5594647765674727,0.47748720915952025,132.28449758768107,8.3556385848909365,6.3164155568211129
175,HD 43691,b,94.894485000000003,41.092303999999999,11.73055709360824,0.39879110187682548,85.247443239066726,2.8980654158371806,3.3995921821489556
176,HD 44219,b,95.059676999999994,-10.725009,18.927335848930564,0.3875089220707586,52.833637442773131,1.0816897876138805,2.0473505894526287
177,HD 47536,b,99.448409999999996,-32.339733000000003,7.9543394677552328,0.64442693426347475,125.71754123063678,10.185103364876182,8.1015769678401259
178,HD 48265,b,100.007195,-48.541953999999997,11.139964962943262,0.36773210818118501,89.766889153284424,2.96322003731711,3.3010167393204033
179,HD 49674,b,102.877151,40.867756,23.336829354479253,0.37690285445814747,42.850722555764023,0.69206315054798384,1.6150559646861584
180,HD 50499,b,103.008438,-33.915562000000001,21.729306700518922,0.53303423145419748,46.020796419432877,1.1289205030069673,2.4530659850342489
181,HD 50554,b,103.678436,24.245557999999999,32.587146994954523,0.42794848717619277,30.686945382326051,0.4029942189924815,1.3132431852424888
182,HD 5319,b,13.755836,0.78955299999999995,8.3581075645663834,0.40217178874953374,119.64430850823584,5.7569928592985979,4.8117565566458262
183,HD 5319,c,13.755836,0.78955299999999995,8.3581075645663834,0.40217178874953374,119.64430850823584,5.7569928592985979,4.8117565566458262
184,HD 5608,b,14.559246,33.950885999999997,17.134766085421841,0.44377709875311883,58.360878404450126,1.5115013050014923,2.5899221299010424
185,HD 564,b,2.470091,-50.267822000000002,19.762668730476353,0.45777926835555294,50.600453493301877,1.1721007367239606,2.3163838578622915
186,HD 5891,b,15.138299999999999,20.292484000000002,3.6699699062452624,0.40982199899245153,272.48179836523445,30.42777955891928,11.166903529509851
187,HD 63454,b,114.841049,-78.278969000000004,26.268339742190957,0.38328699147639744,38.068641178484825,0.55546772617152618,1.4591214946895943
188,HD 67087,b,121.915649,31.551318999999999,13.000766574715257,0.40650130725147521,76.918541245472824,2.4050495321539174,3.1267487568161214
189,HD 67087,c,121.915649,31.551318999999999,13.000766574715257,0.40650130725147521,76.918541245472824,2.4050495321539174,3.1267487568161214
190,HD 68988,b,124.592384,61.460723999999999,16.679009198206309,0.38508989309846137,59.955599767133755,1.3842726046018747,2.3088295504979675
191,HD 70573,b,125.708135,1.8593230000000001,17.460355948987907,0.42420481358044654,57.272601023804746,1.3914557705210282,2.4295313040570381
192,HD 75898,b,133.46168499999999,33.056812000000001,13.010293277666191,0.40499270902715934,76.862218142048036,2.3926161603613298,3.1128637947184505
193,HD 7924,b,20.496313000000001,76.710280999999995,58.792785020420716,0.38467511560321821,17.008889775380879,0.1112874077721351,0.65428966406270361
194,HD 7924,c,20.496313000000001,76.710280999999995,58.792785020420716,0.38467511560321821,17.008889775380879,0.1112874077721351,0.65428966406270361
195,HD 7924,d,20.496313000000001,76.710280999999995,58.792785020420716,0.38467511560321821,17.008889775380879,0.1112874077721351,0.65428966406270361
196,HD 80606,b,140.65654000000001,50.603721999999998,15.334299395886365,0.39758754464617574,65.21328260150338,1.6908492679361953,2.59279889078489
197,HD 82886,b,143.93826300000001,34.780743000000001,7.814360691509008,0.39422835756235952,127.96952168929037,6.4559618304319137,5.0449214353609682
198,HD 83443,b,144.299286,-43.272205,24.740881422076384,0.37534046488334905,40.418931845641367,0.6131899834213026,1.517086066903143
199,HD 8535,b,20.905149000000002,-41.269801999999999,18.08930968453393,0.42770927212383075,55.28126929326573,1.3070875486044482,2.3644311451504163
200,HD 85390,b,147.51040599999999,-49.790267999999998,30.034133802664819,0.42023689566912958,33.295449989347574,0.46586915525390388,1.399197654343018
201,HD 86081,b,149.02465799999999,-3.8084220000000002,9.7220920722605655,0.37814956567506119,102.85851980904781,4.0007751729435217,3.8895904591771107
202,HD 87883,b,152.17974899999999,34.242260000000002,55.275101716331946,0.383018935481034,18.091328083518178,0.12536062365923942,0.69293212239872681
203,HD 90156,b,155.98031599999999,-29.645529,45.346804749570339,0.42847396969666446,22.052270397496418,0.20836801821475767,0.94488238380395317
204,HD 95086,b,164.26258899999999,-68.667343000000002,11.936982749260602,0.40578380331599806,83.773263395387062,2.8477743623177041,3.3993833436773042
205,HD 95127,b,164.89619400000001,43.814464999999998,1.3147275192757968,0.65604812684227753,760.61388032011303,379.54580254706673,49.899931143424645
206,HD 96127,b,166.441452,44.301558999999997,1.8708363833756718,0.88515247459767388,534.52028669425113,252.89862795824598,47.313195449007445
207,HD 96167,b,166.31279000000001,-10.291301000000001,11.712080963511504,0.40917067698800258,85.381923427225104,2.9828840425622438,3.4935779411255496
208,HD 97658,b,168.638184,25.710384000000001,46.437751236501832,0.37882788292442321,21.534203818507951,0.17567079855960149,0.81577568430283975
209,HD 98219,b,169.44813500000001,-23.975414000000001,8.7301790933492782,0.44690407416225381,114.54518736755448,5.8636495726916218,5.1190710910238826
210,HD 99706,b,172.12588500000001,43.966579000000003,6.7322431625504713,0.3732470990713605,148.5389009064188,8.2352512415141774,5.5441713862569104
211,HIP 14810,b,47.809291999999999,21.097359000000001,19.697521394538114,0.43071217147239588,50.767808800415267,1.1101048061501553,2.1866313169322265
212,HIP 14810,c,47.809291999999999,21.097359000000001,19.697521394538114,0.43071217147239588,50.767808800415267,1.1101048061501553,2.1866313169322265
213,HIP 14810,d,47.809291999999999,21.097359000000001,19.697521394538114,0.43071217147239588,50.767808800415267,1.1101048061501553,2.1866313169322265
214,HIP 41378,b,126.616043,10.080378,9.8321302483214712,0.42098689936441486,101.70735890838293,4.3548513483833853,4.2817465669383825
215,HIP 41378,c,126.616043,10.080378,9.8321302483214712,0.42098689936441486,101.70735890838293,4.3548513483833853,4.2817465669383825
216,HIP 41378,d,126.616043,10.080378,9.8321302483214712,0.42098689936441486,101.70735890838293,4.3548513483833853,4.2817465669383825
217,HIP 41378,e,126.616043,10.080378,9.8321302483214712,0.42098689936441486,101.70735890838293,4.3548513483833853,4.2817465669383825
218,HIP 41378,f,126.616043,10.080378,9.8321302483214712,0.42098689936441486,101.70735890838293,4.3548513483833853,4.2817465669383825
219,HIP 63242,b,194.383163,-65.646461000000002,6.1864815214178508,0.50966473732338868,161.64276843597759,13.316716267547624,8.2383619115147866
220,HIP 65407,b,201.08766199999999,48.885094000000002,16.112523325105851,0.38098002785849516,62.063525359919403,1.467489799302629,2.3644963620618515
221,HIP 65407,c,201.08766199999999,48.885094000000002,16.112523325105851,0.38098002785849516,62.063525359919403,1.467489799302629,2.3644963620618515
222,HIP 65891,b,202.605301,-58.664355999999998,6.5324207694198115,0.47752363735240927,153.08260678511326,11.190424773251163,7.3100563207415883
223,HIP 78530,b,240.481064,-21.980388999999999,7.0921561326123586,0.56808584852119925,141.0008439325849,11.294249953031287,8.0100584067647684
224,HIP 8541,b,27.526375000000002,-54.464962,6.4189653275237184,0.39372321494885043,155.78834733880325,9.5556660358943422,6.1337488965801796
225,HIP 97233,b,296.421967,-0.69664499999999996,10.052736620666558,0.41854138097133992,99.475400354584636,4.1416156622955613,4.1634571437084764
226,HR 2562,b,102.504227,-60.249146000000003,29.730519196257212,0.39800044082213926,33.635470453738002,0.45027575803429132,1.3386932067847765
227,HR 8799,b,346.86965900000001,21.134250999999999,24.759424640257269,0.7109849074801996,40.388660662738616,1.1597898005213103,2.8715728164546395
228,HR 8799,c,346.86965900000001,21.134250999999999,24.759424640257269,0.7109849074801996,40.388660662738616,1.1597898005213103,2.8715728164546395
229,HR 8799,d,346.86965900000001,21.134250999999999,24.759424640257269,0.7109849074801996,40.388660662738616,1.1597898005213103,2.8715728164546395
230,HR 8799,e,346.86965900000001,21.134250999999999,24.759424640257269,0.7109849074801996,40.388660662738616,1.1597898005213103,2.8715728164546395
231,K2-24,b,242.57371900000001,-24.990331000000001,6.0760756772671778,0.39533494081643161,164.57991195556795,10.708258620931421,6.5064189752527977
232,K2-24,c,242.57371900000001,-24.990331000000001,6.0760756772671778,0.39533494081643161,164.57991195556795,10.708258620931421,6.5064189752527977
233,K2-34,b,127.57877000000001,22.235907999999998,3.2762322798413726,0.74143934149580137,305.22866347205928,69.075852967703653,22.630853925036721
234,K2-38,b,240.033579,-23.189288000000001,4.2490066439017422,0.71922659561792501,235.34912599753631,39.837393739028592,16.926935067286212
235,K2-38,c,240.033579,-23.189288000000001,4.2490066439017422,0.71922659561792501,235.34912599753631,39.837393739028592,16.926935067286212
236,K2-39,b,338.36839199999997,-9.0227690000000003,3.353722013249421,0.91455816213894914,298.17617442630558,81.312479984805378,27.269945407694472
237,KELT-1,b,0.36214200000000002,39.383808000000002,4.2951438641292876,0.90150062079457161,232.82107226988546,48.866428651722977,20.988834118535955
238,KELT-14,b,108.301485,-42.409744000000003,4.089096515711967,0.38117150476859302,244.55279941610442,22.796370345046295,9.3216558548808415
239,KELT-15,b,117.415037,-52.120452999999998,2.7030888869476755,0.42918775150010208,369.9471389300848,58.739015760073471,15.877678073129896
240,KELT-17,b,125.61752300000001,13.735319,5.1601178242723158,0.4536389962824699,193.79402448838866,17.036922362688593,8.7912526754453015
241,KELT-2 A,b,92.663948000000005,30.957144,7.4670279308220016,0.44876417721270462,133.92209179669103,8.0486423638073035,6.0099437335746355
242,KELT-3,b,148.64332400000001,40.388069000000002,4.7498945291059078,0.44786128668067643,210.53099050353737,19.850689255371712,9.4288680293071518
243,KELT-4 A,b,157.062546,25.573188999999999,4.2900756774554658,0.39952662635062663,233.09612118383913,21.707800494380166,9.3128106911996085
244,KELT-6,b,195.98186799999999,30.640051,4.0884219814315266,0.40531547645809096,244.59314731740545,24.248325758347015,9.9137388043338213
245,KELT-6,c,195.98186799999999,30.640051,4.0884219814315266,0.40531547645809096,244.59314731740545,24.248325758347015,9.9137388043338213
246,KELT-7,b,78.295531999999994,33.318165,7.2415852663156297,0.39759472729063106,138.09131056586725,7.5818173709878929,5.4904376965641823
247,KELT-8,b,283.30551000000003,24.127379999999999,4.807977015569656,0.37746638478483568,207.98768312779021,16.328771659221243,7.8508358830020928
248,KOI-12,b,297.453731,41.010990999999997,2.1720050830517366,0.69468724868286325,460.40407907101587,147.2541871416021,31.983684297221139
249,Kepler-100,b,291.38597900000002,41.990273000000002,3.1537916356125892,0.39507943837354131,317.0786518386339,39.720840867889031,12.527125568864713
250,Kepler-100,c,291.38597900000002,41.990273000000002,3.1537916356125892,0.39507943837354131,317.0786518386339,39.720840867889031,12.527125568864713
251,Kepler-100,d,291.38597900000002,41.990273000000002,3.1537916356125892,0.39507943837354131,317.0786518386339,39.720840867889031,12.527125568864713
252,Kepler-102,b,281.48274900000001,47.208030999999998,9.6248492385672151,0.45485177602721288,103.89773130086586,4.9100060100714851,4.7258067607396992
253,Kepler-102,c,281.48274900000001,47.208030999999998,9.6248492385672151,0.45485177602721288,103.89773130086586,4.9100060100714851,4.7258067607396992
254,Kepler-102,d,281.48274900000001,47.208030999999998,9.6248492385672151,0.45485177602721288,103.89773130086586,4.9100060100714851,4.7258067607396992
255,Kepler-102,e,281.48274900000001,47.208030999999998,9.6248492385672151,0.45485177602721288,103.89773130086586,4.9100060100714851,4.7258067607396992
256,Kepler-102,f,281.48274900000001,47.208030999999998,9.6248492385672151,0.45485177602721288,103.89773130086586,4.9100060100714851,4.7258067607396992
257,Kepler-103,b,288.984555,40.064520999999999,2.4537179010071384,0.42307763795177122,407.54481172817214,70.270138321394896,17.242309630545439
258,Kepler-103,c,288.984555,40.064520999999999,2.4537179010071384,0.42307763795177122,407.54481172817214,70.270138321394896,17.242309630545439
259,Kepler-1084,b,290.10197099999999,48.251137,2.4251579540425547,0.49251149724407828,412.34427569267217,83.740647186669563,20.308429660142298
260,Kepler-1088,b,281.56145299999997,42.450504000000002,3.5325503735775565,0.38638988742129265,283.08159665031457,30.963427182492349,10.937986626075483
261,Kepler-109,b,290.39272099999999,40.284875,2.1090883211256366,0.6811835674313419,474.1385128273302,153.1350585886974,32.297536362431181
262,Kepler-109,c,290.39272099999999,40.284875,2.1090883211256366,0.6811835674313419,474.1385128273302,153.1350585886974,32.297536362431181
263,Kepler-1171,b,294.95892500000002,38.591577999999998,1.9191255272533354,0.67842449941981686,521.07065733798368,184.2021769012776,35.350709986687647
264,Kepler-126,b,289.34729099999998,44.208553000000002,3.9885082383483477,0.44487421819861217,250.72030449512189,27.965091904880694,11.153899944878534
265,Kepler-126,c,289.34729099999998,44.208553000000002,3.9885082383483477,0.44487421819861217,250.72030449512189,27.965091904880694,11.153899944878534
266,Kepler-126,d,289.34729099999998,44.208553000000002,3.9885082383483477,0.44487421819861217,250.72030449512189,27.965091904880694,11.153899944878534
267,Kepler-127,b,285.18998499999998,46.027962000000002,2.8499511406677849,0.3812520564931961,350.88320839271842,46.939381830001892,13.37749447886546
268,Kepler-127,c,285.18998499999998,46.027962000000002,2.8499511406677849,0.3812520564931961,350.88320839271842,46.939381830001892,13.37749447886546
269,Kepler-127,d,285.18998499999998,46.027962000000002,2.8499511406677849,0.3812520564931961,350.88320839271842,46.939381830001892,13.37749447886546
270,Kepler-1274,b,284.59371499999997,46.449776,1.9572954096042212,0.51982182838244673,510.90908152806992,135.6880987887364,26.558169289711781
271,Kepler-128,b,282.49222400000002,43.980212999999999,2.2956955561027641,0.44863784566702725,435.59782887659003,85.126998222790377,19.542567152442778
272,Kepler-128,c,282.49222400000002,43.980212999999999,2.2956955561027641,0.44863784566702725,435.59782887659003,85.126998222790377,19.542567152442778
273,Kepler-1285,b,281.83535499999999,44.155926000000001,2.3911225888229857,0.39153635012680776,418.21360589138322,68.480733522193106,16.374582882408337
274,Kepler-129,b,285.311284,47.848595000000003,2.6649066278566882,0.41280974533521547,375.2476689227467,58.128075868166128,15.490589464563234
275,Kepler-129,c,285.311284,47.848595000000003,2.6649066278566882,0.41280974533521547,375.2476689227467,58.128075868166128,15.490589464563234
276,Kepler-1298,b,284.42273499999999,49.106223999999997,2.1099969069300233,0.79532596050075666,473.93434403416614,178.6411563662875,37.693228738326923
277,Kepler-130,b,288.45066500000001,40.245305000000002,3.4346282266399148,0.38735610853455638,291.15232683518025,32.836052367737231,11.277963231365669
278,Kepler-130,c,288.45066500000001,40.245305000000002,3.4346282266399148,0.38735610853455638,291.15232683518025,32.836052367737231,11.277963231365669
279,Kepler-130,d,288.45066500000001,40.245305000000002,3.4346282266399148,0.38735610853455638,291.15232683518025,32.836052367737231,11.277963231365669
280,Kepler-1313,b,292.38854600000002,42.233260999999999,5.6818121160093984,0.43807699648670489,176.00018789469345,13.569902017132362,7.7101633694003038
281,Kepler-1323,b,292.87228399999998,46.098885000000003,2.1396598916898464,0.45772966130864517,467.36399737353895,99.981480728084861,21.392636422564451
282,Kepler-1349,b,286.338369,48.744098999999999,4.0108173005216665,0.41732478436516124,249.32574212989834,25.942296488426535,10.404981157104363
283,Kepler-136,b,296.46731399999999,42.598770999999999,2.5496614937904454,0.44690952092777037,392.20892751270816,68.747127540337431,17.528190389829902
284,Kepler-136,c,296.46731399999999,42.598770999999999,2.5496614937904454,0.44690952092777037,392.20892751270816,68.747127540337431,17.528190389829902
285,Kepler-1394,b,283.45319999999998,45.084141000000002,1.4587955603020133,0.56790988733405834,685.49701357260153,266.86435189400561,38.930053174584955
286,Kepler-144,b,281.91567800000001,42.775512999999997,2.310244117964364,0.39445393183854149,432.8546893482125,73.906143857472031,17.074123412815286
287,Kepler-144,c,281.91567800000001,42.775512999999997,2.310244117964364,0.39445393183854149,432.8546893482125,73.906143857472031,17.074123412815286
288,Kepler-1443,b,283.43576100000001,47.066854999999997,1.9948065736001372,0.66228893783668286,501.30173683719363,166.43548262747035,33.200659482558933
289,Kepler-1514,b,292.62746600000003,37.860132999999998,2.21210208119538,0.82049130638420276,452.05870402672292,167.67320088085734,37.091023662923547
290,Kepler-1515,b,290.97393,48.178162,2.4138417954959617,0.74234565074698988,414.27735730896745,127.40561331530031,30.753699440126869
291,Kepler-1517,b,287.80721999999997,43.188777999999999,1.1366795543340915,0.5574805525117621,879.75542111851973,431.47300078577717,49.044653824037034
292,Kepler-19,b,290.420839,37.851785999999997,4.8269420906954403,0.38016284083562768,207.17049867402184,16.316442963976531,7.8758525313249788
293,Kepler-19,c,290.420839,37.851785999999997,4.8269420906954403,0.38016284083562768,207.17049867402184,16.316442963976531,7.8758525313249788
294,Kepler-197,b,295.22643499999998,50.559005999999997,3.6823127803622899,0.59324071917864318,271.56845701239246,43.75116302000167,16.110546674426619
295,Kepler-197,c,295.22643499999998,50.559005999999997,3.6823127803622899,0.59324071917864318,271.56845701239246,43.75116302000167,16.110546674426619
296,Kepler-197,d,295.22643499999998,50.559005999999997,3.6823127803622899,0.59324071917864318,271.56845701239246,43.75116302000167,16.110546674426619
297,Kepler-197,e,295.22643499999998,50.559005999999997,3.6823127803622899,0.59324071917864318,271.56845701239246,43.75116302000167,16.110546674426619
298,Kepler-21,b,287.36181599999998,38.714016000000001,9.0369513362894391,0.37431488421224973,110.65678709415279,4.5834575076349333,4.1420482448447373
299,Kepler-25,b,286.63839300000001,39.487893999999997,3.9329910875206506,0.41503286254831129,254.25941166584181,26.830981587615849,10.552601145352382
300,Kepler-25,c,286.63839300000001,39.487893999999997,3.9329910875206506,0.41503286254831129,254.25941166584181,26.830981587615849,10.552601145352382
301,Kepler-25,d,286.63839300000001,39.487893999999997,3.9329910875206506,0.41503286254831129,254.25941166584181,26.830981587615849,10.552601145352382
302,Kepler-278,b,290.107193,38.702235000000002,2.3731700306112438,0.68586815214018837,421.37730845287797,121.78195079766077,28.900927590238162
303,Kepler-278,c,290.107193,38.702235000000002,2.3731700306112438,0.68586815214018837,421.37730845287797,121.78195079766077,28.900927590238162
304,Kepler-338,b,282.97895599999998,40.784346999999997,1.9962523786009312,0.42806600441371628,500.93866422884253,107.4186885142604,21.44348124527848
305,Kepler-338,c,282.97895599999998,40.784346999999997,1.9962523786009312,0.42806600441371628,500.93866422884253,107.4186885142604,21.44348124527848
306,Kepler-338,d,282.97895599999998,40.784346999999997,1.9962523786009312,0.42806600441371628,500.93866422884253,107.4186885142604,21.44348124527848
307,Kepler-338,e,282.97895599999998,40.784346999999997,1.9962523786009312,0.42806600441371628,500.93866422884253,107.4186885142604,21.44348124527848
308,Kepler-36,b,291.25019099999997,49.231827000000003,2.0940966019935794,0.54025722766238005,477.53288890684428,123.19899398758015,25.7990594678419
309,Kepler-36,c,291.25019099999997,49.231827000000003,2.0940966019935794,0.54025722766238005,477.53288890684428,123.19899398758015,25.7990594678419
310,Kepler-37,b,284.05966000000001,44.518130999999997,15.290187100002758,0.40597070293852072,65.401423374330037,1.7364772351576898,2.6551061820456563
311,Kepler-37,c,284.05966000000001,44.518130999999997,15.290187100002758,0.40597070293852072,65.401423374330037,1.7364772351576898,2.6551061820456563
312,Kepler-37,d,284.05966000000001,44.518130999999997,15.290187100002758,0.40597070293852072,65.401423374330037,1.7364772351576898,2.6551061820456563
313,Kepler-37,e,284.05966000000001,44.518130999999997,15.290187100002758,0.40597070293852072,65.401423374330037,1.7364772351576898,2.6551061820456563
314,Kepler-381,b,285.18278700000002,43.831088999999999,3.7557265943103619,0.38145131901054213,266.26006310334822,27.042770478678065,10.156525227060236
315,Kepler-381,c,285.18278700000002,43.831088999999999,3.7557265943103619,0.38145131901054213,266.26006310334822,27.042770478678065,10.156525227060236
316,Kepler-396,b,296.13281799999999,48.977401999999998,4.5785707388864001,0.45234978458724634,218.40876924907357,21.57816606013899,9.8797159721784009
317,Kepler-396,c,296.13281799999999,48.977401999999998,4.5785707388864001,0.45234978458724634,218.40876924907357,21.57816606013899,9.8797159721784009
318,Kepler-408,b,284.78617500000001,48.423233000000003,11.022231960089398,0.3841767703466118,90.725726297624519,3.1622194708456632,3.4854716516372051
319,Kepler-409,b,293.67919000000001,46.852764000000001,14.412453123845616,0.38525243529892456,69.384440761544283,1.8546825127925555,2.6730524775238904
320,Kepler-410 A,b,283.15069799999998,45.139831999999998,6.5090488408882772,0.40416654629512117,153.6322778403875,9.5394931966324261,6.2093027134201897
321,Kepler-431,b,281.11233499999997,43.227789000000001,2.0233450649317923,0.42220471022836487,494.23107176912026,103.12956008280764,20.866668644213561
322,Kepler-431,c,281.11233499999997,43.227789000000001,2.0233450649317923,0.42220471022836487,494.23107176912026,103.12956008280764,20.866668644213561
323,Kepler-431,d,281.11233499999997,43.227789000000001,2.0233450649317923,0.42220471022836487,494.23107176912026,103.12956008280764,20.866668644213561
324,Kepler-450,b,295.48650900000001,51.013500000000001,2.3634624893734499,0.55516055253609531,423.10804783074781,99.385075359692436,23.489289761618661
325,Kepler-450,c,295.48650900000001,51.013500000000001,2.3634624893734499,0.55516055253609531,423.10804783074781,99.385075359692436,23.489289761618661
326,Kepler-450,d,295.48650900000001,51.013500000000001,2.3634624893734499,0.55516055253609531,423.10804783074781,99.385075359692436,23.489289761618661
327,Kepler-454,b,287.47852899999998,38.228865999999996,4.4553937351433834,0.4104973795652534,224.44705438986705,20.679413123791008,9.2134927678180336
328,Kepler-454,c,287.47852899999998,38.228865999999996,4.4553937351433834,0.4104973795652534,224.44705438986705,20.679413123791008,9.2134927678180336
329,Kepler-462,b,299.82115499999998,43.814273999999997,2.2239248850511575,0.42097035330602833,449.65547475179085,85.116015088745669,18.929162407225128
330,Kepler-50,b,288.10087299999998,50.033718,3.793342250871945,0.3986330024310431,263.6197669140289,27.703152585547869,10.508753918511111
331,Kepler-50,c,288.10087299999998,50.033718,3.793342250871945,0.3986330024310431,263.6197669140289,27.703152585547869,10.508753918511111
332,Kepler-506,b,284.63518699999997,40.719831999999997,3.9225570397642953,0.65775842351472669,254.93574468456666,42.749189322521516,16.768613352127343
333,Kepler-507,b,297.01883400000003,50.408980999999997,2.6778653429980159,0.50047925979639407,373.43177192040793,69.792477535835559,18.68948567951816
334,Kepler-508,b,295.40435000000002,42.981422999999999,3.2006350227902272,0.39939847541026469,312.43799835953399,38.988281799230734,12.478726020503265
335,Kepler-510,b,287.65500800000001,39.244280000000003,2.8820085336457151,0.39485258838045006,346.98023559805665,47.53838947500951,13.700604414275105
336,Kepler-514,b,286.24718799999999,50.242409000000002,2.3532015906063988,0.50365998390735578,424.95296790204401,90.95345074952651,21.403180497492656
337,Kepler-516,b,295.60877900000003,38.735736000000003,2.1564261145163397,0.57022280370162959,463.73024017300395,122.62398230694249,26.442955771268039
338,Kepler-517,b,293.67533500000002,41.295347999999997,3.9521664420348337,0.54672549387406433,253.02578083860621,35.002484591877028,13.833564499185774
339,Kepler-522,b,288.15399600000001,44.068821,2.0019618880496917,0.44253843570678764,499.5100086416723,110.41787516720338,22.105237784416961
340,Kepler-538,b,297.48690099999999,49.623455,6.6922587459547795,0.59548933891039968,149.42638023439585,13.29623072857734,8.8981816381554388
341,Kepler-63,b,289.226179,49.548203000000001,4.8475049811041853,0.54778144770044002,206.29169106541397,23.311530698962613,11.30027611803844
342,Kepler-65,b,288.68869999999998,41.151173,3.5347886035828084,0.45704838972766393,282.90234923424134,36.579291626273381,12.930006316768322
343,Kepler-65,c,288.68869999999998,41.151173,3.5347886035828084,0.45704838972766393,282.90234923424134,36.579291626273381,12.930006316768322
344,Kepler-65,d,288.68869999999998,41.151173,3.5347886035828084,0.45704838972766393,282.90234923424134,36.579291626273381,12.930006316768322
345,Kepler-68,b,291.03230500000001,49.040272000000002,6.7187353734403947,0.38599498519746805,148.83753331811016,8.5507968801773888,5.7450541469951588
346,Kepler-68,c,291.03230500000001,49.040272000000002,6.7187353734403947,0.38599498519746805,148.83753331811016,8.5507968801773888,5.7450541469951588
347,Kepler-68,d,291.03230500000001,49.040272000000002,6.7187353734403947,0.38599498519746805,148.83753331811016,8.5507968801773888,5.7450541469951588
348,Kepler-78,b,293.74169000000001,44.448329999999999,8.0155394751454967,0.38791978510169078,124.75766641793605,6.0377679252531786,4.8395967146634176
349,Kepler-806,b,296.00704300000001,44.853442999999999,3.0930644449584688,0.39088280968083283,323.30396530532914,40.857203135707188,12.637396233950158
350,Kepler-880,b,281.97124500000001,43.672770999999997,1.9708401107111386,0.43483038190744577,507.39783230775112,111.94819508812354,22.063199320138953
351,Kepler-908,b,295.322517,39.376483999999998,3.4667191926689669,0.4328308066427054,288.45716783600159,36.014785651042175,12.485314863632681
352,Kepler-909,b,289.50635799999998,45.370998,3.1150840371961803,0.42646586927143554,321.01862680407118,43.948569636517618,13.690348773232078
353,Kepler-910,b,296.04735799999997,42.743006000000001,2.586793359677257,0.45876090892454657,386.57900379207933,68.558756147776307,17.734733515080009
354,Kepler-911,b,298.58918599999998,40.750689000000001,1.9646561034692089,0.40772178208757753,508.99493210755321,105.63086355214107,20.752832079243714
355,Kepler-92,b,289.08605799999998,41.562941000000002,2.4706819371522095,0.41260908048160322,404.7465539626009,67.593525879376671,16.700210345860633
356,Kepler-92,c,289.08605799999998,41.562941000000002,2.4706819371522095,0.41260908048160322,404.7465539626009,67.593525879376671,16.700210345860633
357,Kepler-92,d,289.08605799999998,41.562941000000002,2.4706819371522095,0.41260908048160322,404.7465539626009,67.593525879376671,16.700210345860633
358,Kepler-93,b,291.41828099999998,38.672353999999999,10.131666271633161,0.45214181310476576,98.700448000327413,4.4046653646762053,4.4626599513120686
359,Kepler-93,c,291.41828099999998,38.672353999999999,10.131666271633161,0.45214181310476576,98.700448000327413,4.4046653646762053,4.4626599513120686
360,Kepler-96,b,297.06964299999999,40.525140999999998,7.7767382468645367,0.43726348755247457,128.58861495089988,7.2301657131950758,5.6227106232972748
361,Kepler-997,b,289.23336899999998,49.938934000000003,2.0837212728162902,0.4948839411105076,479.910635383797,113.97880787509737,23.750006661958128
362,NGC 2682 Sand 364,b,132.48676,11.692484,0.59043471615166254,0.61263838392810921,1693.6673482172653,1757.3587709857936,103.76056271236315
363,NGC 4349 127,b,186.14781099999999,-61.820003999999997,1.115997060116368,0.45680918069437981,896.05970816421984,366.78259806263344,40.932830113974241
364,Pr0201,b,130.43259599999999,20.226890999999998,5.6349226052666452,0.64896270903673026,177.46472667882895,20.438255829159871,11.516798978395574
365,TYC 3667-1280-1,b,12.887344000000001,58.426167,2.3180940501296803,0.51967749892412096,431.38888171688171,96.710094701188311,22.418309511430255
366,TrES-1,b,286.04106200000001,36.632629000000001,6.2538239935990303,0.43792511786292987,159.90216562275,11.197177086939657,7.0025174726880524
367,TrES-2,b,286.80847299999999,49.316401999999997,4.3175061900788503,0.38829506091725069,231.61518616878624,20.830319370341595,8.9935032822769223
368,TrES-4,b,268.30435399999999,37.211849000000001,2.309183805191831,0.39134913308646174,433.0534441440563,73.391771397688331,16.947508994588294
369,WASP-100,b,68.959727999999998,-64.027039000000002,3.0134966634164915,0.41063200654841647,331.84042051212032,45.218001859101228,13.626429772876225
370,WASP-101,b,98.351101999999997,-23.48621,5.0536798755525378,0.37973571890496055,197.87561235082509,14.8684601637108,7.5140437909799864
371,WASP-106,b,166.42974699999999,-5.0794119999999996,3.1493871328026493,0.94379052748369474,317.52209488139266,95.153225938646756,29.967434541583739
372,WASP-11,b,47.368963999999998,30.673594000000001,7.4919171537929925,0.6559786119366835,133.47718340608213,11.68701891632786,8.7558177495939873
373,WASP-117,b,36.775432000000002,-50.284519000000003,6.3949413508594128,0.40570172207716321,156.37359987134369,9.9205036097295221,6.3441038755209398
374,WASP-118,b,19.550543000000001,2.7028240000000001,2.4579172709772781,0.45295244884248692,406.84851838092823,74.975278820229491,18.428303270857899
375,WASP-12,b,97.63664,29.672291000000001,2.577031519250963,0.4003455756998251,388.04337181357363,60.283099343061465,15.535144708520644
376,WASP-120,b,62.616050999999999,-45.898220000000002,2.9765942320884577,0.38162101164367984,335.95442375710491,43.071798526735115,12.820726706035588
377,WASP-121,b,107.600275,-39.097392999999997,3.8229509233860157,0.39160045210835565,261.57803750048998,26.794505030182723,10.243407774680827
378,WASP-126,b,63.373865000000002,-69.226806999999994,4.6830252036653937,0.39316232978263865,213.53718088412211,17.927466088781021,8.3954775531618182
379,WASP-129,b,176.29896500000001,-42.063927,3.2026986191580429,0.49665601339957161,312.23668503122843,48.419862642422174,15.507422722470759
380,WASP-13,b,140.10297600000001,33.882438999999998,4.9904912857903438,0.61489146966476416,200.38107327175305,24.689475560833053,12.3212612637071
381,WASP-14,b,218.276477,21.894714,5.8461626821818822,0.4007026529722445,171.05237304596935,11.724124592977851,6.8541139676717959
382,WASP-15,b,208.92793900000001,-32.159607000000001,3.4426787360379238,0.92801772580165909,290.4714835956114,78.300273213080828,26.956268561663322
383,WASP-157,b,201.655192,-8.3175600000000003,3.7595243277307504,0.72819393189489567,265.9910969650781,51.520640874519856,19.369310274803667
384,WASP-16,b,214.683032,-20.275483999999999,4.8114832567682466,0.42090977795871148,207.8361176033012,18.181556381631154,8.7480254112206168
385,WASP-17,b,239.96230600000001,-28.061733,2.5705172255103994,0.43464353857118354,389.02676475993695,65.779745786603101,16.908796963415838
386,WASP-18,b,24.354310999999999,-45.677886999999998,7.9066772340380576,0.42203115004716313,126.4753790245824,6.7508193495758979,5.3376549662395352
387,WASP-22,b,52.818043000000003,-23.819701999999999,3.13846296188858,0.44048088179416145,318.62730646923006,44.719099323959966,14.034923691726497
388,WASP-24,b,227.215586,2.3433039999999998,2.9605279746679005,0.43640812441314525,337.77758851009531,49.791417318737402,14.740888387048587
389,WASP-25,b,195.35987900000001,-27.522200000000002,5.1735839509750132,0.55683071034907039,193.28960532505519,20.803680631481409,10.762958823624196
390,WASP-26,b,4.6028969999999996,-15.267305,4.1914248664273543,0.59350910783943733,238.58235131681371,33.783451448808528,14.160079847627729
391,WASP-29,b,357.87953800000003,-39.906719000000002,11.477543714490464,0.84979903170997184,87.12665574407653,6.450870458804542,7.4040147687444282
392,WASP-3,b,278.63179300000002,35.661532999999999,4.0681688224169346,0.44145608678483306,245.81084110611991,26.674087713873821,10.851469200399608
393,WASP-32,b,3.9616820000000001,1.2004509999999999,4.3025461523858732,0.70924281134324452,232.42051673181336,38.312797785867197,16.484258070072087
394,WASP-33,b,36.712746000000003,37.550483999999997,8.5087515017554409,0.38518174607953992,117.52605535532327,5.3202742144090882,4.5268891211604076
395,WASP-34,b,165.39956100000001,-23.860636,8.8688147233360848,0.72982819807381871,112.75463871950647,9.2787500210814127,8.2291514801121846
396,WASP-35,b,76.081782000000004,-6.2298210000000003,5.1476130313643331,0.38505889435942353,194.2647968887743,14.531664957558666,7.4803387902949421
397,WASP-38,b,243.959845,10.032565999999999,7.2584815545889487,0.42939806863985619,137.76986170995795,8.1502049829740422,5.9158112535036018
398,WASP-4,b,353.56284099999999,-42.061427999999999,3.6311031636438997,0.76114852631610519,275.39839958622269,57.728760805713229,20.961908599486726
399,WASP-41,b,190.61873600000001,-30.639869999999998,6.3872000567441471,0.3907599055705237,156.56312486159177,9.5783115204203089,6.1178591886741716
400,WASP-41,c,190.61873600000001,-30.639869999999998,6.3872000567441471,0.3907599055705237,156.56312486159177,9.5783115204203089,6.1178591886741716
401,WASP-45,b,5.2374970000000003,-35.998260000000002,4.443129242818272,0.44024422211181713,225.06660179115138,22.300560171426952,9.9084271028895543
402,WASP-48,b,291.16233,55.47316,2.5112261727622136,0.42507324795659185,398.21184202618196,67.405000354332657,16.926920106484644
403,WASP-49,b,91.089427000000001,-16.965294,5.4430530546099432,0.52725809261500434,183.72042123547911,17.796644255194671,9.6868078875043846
404,WASP-50,b,43.688073000000003,-10.89808,5.4473818330305166,0.46941531892002408,183.57442724804821,15.819094558360211,8.6172648312203304
405,WASP-54,b,205.454308,-0.128076,3.950660790237098,0.49706353382554463,253.12221248435384,31.847285329617577,12.581782142721332
406,WASP-55,b,203.75811400000001,-17.503464000000001,3.5134998318774096,0.4471254177647534,284.61649291318116,36.220086633260252,12.72592682965451
407,WASP-56,b,183.366285,23.055698,3.8604704675215276,0.44024476457042039,259.03578551191794,29.540220386978596,11.403914840800823
408,WASP-58,b,274.70106399999997,45.172015999999999,3.3617440845686337,0.38863092257151566,297.46464181800332,34.388090013392542,11.560395818213607
409,WASP-6,b,348.15724599999999,-22.673936999999999,5.4179941835719276,0.54958970798587836,184.5701501548547,18.722400115173482,10.143785492651631
410,WASP-60,b,356.66656399999999,31.155934999999999,2.8930063570933227,0.45799846612543493,345.66118306242697,54.722414022192169,15.831229164169471
411,WASP-61,b,75.299662999999995,-26.054144000000001,1.8111814486647166,0.39978638648901671,552.12579652758939,121.87203951534993,22.073237708113506
412,WASP-62,b,87.139961,-63.988433999999998,5.8211281517774296,0.4431527279773162,171.78800636688595,13.077932948791887,7.612832365527006
413,WASP-63,b,94.336431000000005,-38.323256999999998,3.3760663508119171,0.43425662711205376,296.20270933345489,38.099958985007561,12.862798949659817
414,WASP-66,b,158.22496599999999,-34.989845000000003,2.0026497737657838,0.49181923636571512,499.33843305991513,122.62965299907805,24.558424683558023
415,WASP-67,b,295.74383999999998,-19.949596,5.1938571582710225,0.50083574718309143,192.5351370912343,18.565870470759585,9.6428479244087271
416,WASP-68,b,305.09578499999998,-19.314679999999999,4.0870724123569024,0.51552475195064928,244.67391303775003,30.862056161819254,12.613545832758083
417,WASP-69,b,315.025778,-5.0944039999999999,19.881904965633883,0.47483359692913496,50.296991245482374,1.2012280165852895,2.3882701267805611
418,WASP-7,b,311.04260900000003,-39.225273000000001,6.3239792586861396,0.39086279764408471,158.12828586154447,9.7733502388728031,6.1806464198506834
419,WASP-71,b,29.263338000000001,0.75883400000000001,3.3427508509973975,0.439227824744712,299.15481128413256,39.3080797460686,13.139711702224439
420,WASP-72,b,41.039999000000002,-30.169039000000001,2.3644815105107115,0.42984218514153077,422.92570085862371,76.884216096203915,18.179130740958421
421,WASP-73,b,319.94961000000001,-58.148876000000001,2.7518756558303439,0.4916286321241527,363.38851207950472,64.92015609236239,17.865219712327807
422,WASP-74,b,304.53882299999998,-1.0756760000000001,6.9820905279667755,0.50882962667204257,143.22357981388214,10.437618984661484,7.2876400647331145
423,WASP-77 A,b,37.155115000000002,-7.0606809999999998,9.9041213065227005,0.38466656413274763,100.96806865051376,3.9215028625844606,3.8839040054912517
424,WASP-78,b,63.756239999999998,-22.116434000000002,1.1480187853905486,0.39956983081801928,871.06588561598005,303.17591748162937,34.805164854692535
425,WASP-79,b,66.370902999999998,-30.600445000000001,4.0986774201943099,0.44264291720514531,243.98114256881234,26.349115487254828,10.799652468970358
426,WASP-8,b,359.90029199999998,-35.031390999999999,11.199972248661604,0.40196572521949314,89.285935518233089,3.2044620313033634,3.5889885822487462
427,WASP-8,c,359.90029199999998,-35.031390999999999,11.199972248661604,0.40196572521949314,89.285935518233089,3.2044620313033634,3.5889885822487462
428,WASP-82,b,72.660670999999994,1.893921,3.6007968857810355,0.39431287525069214,277.71630328520843,30.41191089805972,10.950711405238376
429,WASP-88,b,309.51119199999999,-48.462066999999998,2.0744655850154099,0.41257522157172088,482.05186300671824,95.871753971556117,19.888265418905764
430,WASP-94 A,b,313.783098,-34.135554999999997,5.0350793406184264,0.48756424210182203,198.60660226998061,19.231767954680866,9.6833477512181112
431,WASP-95,b,337.45718900000003,-48.003086000000003,7.1025085477758667,0.5042822667663609,140.79532509864384,9.9965505445374614,7.1000585690850828
432,WASP-97,b,24.604337999999998,-55.772083000000002,6.8502099832302861,0.40885604345098214,145.9809264895614,8.7128984614987797,5.968518402383074
433,WASP-99,b,39.897688000000002,-50.008003000000002,6.4612216789808912,0.41657109918319318,154.76949247123292,9.9783757317138662,6.4472497598766445
434,XO-1,b,240.54935,28.169585999999999,6.4426155949080979,0.44380159213598741,155.21646220680108,10.692134590109168,6.8885313053093631
435,XO-3,b,65.469581000000005,57.817180999999998,4.9578572617826762,0.46082656049778559,201.7000383832015,18.747763405149122,9.2948734940402087
436,XO-4,b,110.388223,58.268107999999998,3.883802150871976,0.37834814171898373,257.47964524286698,25.082880518573848,9.7416945308101877
